{
  "best_global_step": null,
  "best_metric": null,
  "best_model_checkpoint": null,
  "epoch": 1.0,
  "eval_steps": 500,
  "global_step": 25,
  "is_hyper_param_search": false,
  "is_local_process_zero": true,
  "is_world_process_zero": true,
  "log_history": [
    {
      "entropy": 1.174339383840561,
      "epoch": 0.08163265306122448,
      "grad_norm": 8.666704177856445,
      "learning_rate": 1.6666666666666665e-07,
      "logits/chosen": -3.4376336511286625,
      "logits/rejected": -3.4902935991940645,
      "logps/chosen": -515.0392189025879,
      "logps/rejected": -215.4254970550537,
      "loss": 0.6918244361877441,
      "mean_token_accuracy": 0.666709378361702,
      "num_tokens": 14684.0,
      "rewards/accuracies": 0.75,
      "rewards/chosen": 0.002328109880181728,
      "rewards/margins": 0.002690315683139488,
      "rewards/rejected": -0.0003622055519372225,
      "step": 2
    },
    {
      "entropy": 1.1848060935735703,
      "epoch": 0.16326530612244897,
      "grad_norm": 9.11760425567627,
      "learning_rate": 3.333333333333333e-07,
      "logits/chosen": -3.373992138862236,
      "logits/rejected": -3.432212563844222,
      "logps/chosen": -511.6644401550293,
      "logps/rejected": -216.20483207702637,
      "loss": 0.6856979131698608,
      "mean_token_accuracy": 0.6691916584968567,
      "num_tokens": 29160.0,
      "rewards/accuracies": 0.875,
      "rewards/chosen": 0.014805984894337598,
      "rewards/margins": 0.014976692385971546,
      "rewards/rejected": -0.00017070765898097306,
      "step": 4
    },
    {
      "entropy": 1.179922878742218,
      "epoch": 0.24489795918367346,
      "grad_norm": 9.197511672973633,
      "learning_rate": 4.974553604702332e-07,
      "logits/chosen": -3.437906664996855,
      "logits/rejected": -3.4642789555348417,
      "logps/chosen": -527.0731925964355,
      "logps/rejected": -214.35506057739258,
      "loss": 0.6923812031745911,
      "mean_token_accuracy": 0.6563522815704346,
      "num_tokens": 43825.0,
      "rewards/accuracies": 0.625,
      "rewards/chosen": 0.005180740474315826,
      "rewards/margins": 0.0016242983401753008,
      "rewards/rejected": 0.00355644230148755,
      "step": 6
    },
    {
      "entropy": 1.2252874597907066,
      "epoch": 0.32653061224489793,
      "grad_norm": 9.274557113647461,
      "learning_rate": 4.774079988386296e-07,
      "logits/chosen": -3.3526465779785677,
      "logits/rejected": -3.4263791115994624,
      "logps/chosen": -527.5870590209961,
      "logps/rejected": -218.61373710632324,
      "loss": 0.6771677732467651,
      "mean_token_accuracy": 0.6541374549269676,
      "num_tokens": 58540.0,
      "rewards/accuracies": 0.875,
      "rewards/chosen": 0.03816909884335473,
      "rewards/margins": 0.032355309231206775,
      "rewards/rejected": 0.005813789553940296,
      "step": 8
    },
    {
      "entropy": 1.1562493443489075,
      "epoch": 0.40816326530612246,
      "grad_norm": 9.396927833557129,
      "learning_rate": 4.3893739358856455e-07,
      "logits/chosen": -3.46620242355281,
      "logits/rejected": -3.4679138887543273,
      "logps/chosen": -534.532844543457,
      "logps/rejected": -199.31189823150635,
      "loss": 0.668607771396637,
      "mean_token_accuracy": 0.6672676280140877,
      "num_tokens": 72968.0,
      "rewards/accuracies": 1.0,
      "rewards/chosen": 0.04671554663218558,
      "rewards/margins": 0.04978036996908486,
      "rewards/rejected": -0.003064823249587789,
      "step": 10
    },
    {
      "entropy": 1.2288435027003288,
      "epoch": 0.4897959183673469,
      "grad_norm": 9.422428131103516,
      "learning_rate": 3.851602043638994e-07,
      "logits/chosen": -3.3719173809191685,
      "logits/rejected": -3.449657046443287,
      "logps/chosen": -532.2265853881836,
      "logps/rejected": -228.44801330566406,
      "loss": 0.6623164415359497,
      "mean_token_accuracy": 0.6603331118822098,
      "num_tokens": 87719.0,
      "rewards/accuracies": 1.0,
      "rewards/chosen": 0.05546646285802126,
      "rewards/margins": 0.0627677938900888,
      "rewards/rejected": -0.007301330668269657,
      "step": 12
    },
    {
      "entropy": 1.106229491531849,
      "epoch": 0.5714285714285714,
      "grad_norm": NaN,
      "learning_rate": 3.204331392103574e-07,
      "logits/chosen": -3.392201399720653,
      "logits/rejected": -3.4399602538613365,
      "logps/chosen": -493.6210174560547,
      "logps/rejected": -204.46466827392578,
      "loss": 0.6593769788742065,
      "mean_token_accuracy": 0.6867110803723335,
      "num_tokens": 102262.0,
      "rewards/accuracies": 1.0,
      "rewards/chosen": 0.06914825597777963,
      "rewards/margins": 0.06874008337035775,
      "rewards/rejected": 0.00040817252011038363,
      "step": 14
    },
    {
      "entropy": 1.153329350054264,
      "epoch": 0.6530612244897959,
      "grad_norm": 10.063085556030273,
      "learning_rate": 2.8557870956832133e-07,
      "logits/chosen": -3.3758944330348593,
      "logits/rejected": -3.4147918538571154,
      "logps/chosen": -523.3851737976074,
      "logps/rejected": -225.13356590270996,
      "loss": 0.6572562456130981,
      "mean_token_accuracy": 0.6775972470641136,
      "num_tokens": 116978.0,
      "rewards/accuracies": 1.0,
      "rewards/chosen": 0.07085762172937393,
      "rewards/margins": 0.073276711627841,
      "rewards/rejected": -0.002419090288640291,
      "step": 16
    },
    {
      "entropy": 1.123442903161049,
      "epoch": 0.7346938775510204,
      "grad_norm": 8.93820571899414,
      "learning_rate": 2.1442129043167873e-07,
      "logits/chosen": -3.418981063052652,
      "logits/rejected": -3.448879329370179,
      "logps/chosen": -491.5943908691406,
      "logps/rejected": -197.82110977172852,
      "loss": 0.6485360264778137,
      "mean_token_accuracy": 0.6906400322914124,
      "num_tokens": 131639.0,
      "rewards/accuracies": 1.0,
      "rewards/chosen": 0.09056091494858265,
      "rewards/margins": 0.09142189286649227,
      "rewards/rejected": -0.0008609772485215217,
      "step": 18
    },
    {
      "entropy": 1.2438081353902817,
      "epoch": 0.8163265306122449,
      "grad_norm": 9.29788875579834,
      "learning_rate": 1.461462467495284e-07,
      "logits/chosen": -3.4088934460277627,
      "logits/rejected": -3.4552135445342484,
      "logps/chosen": -530.5287971496582,
      "logps/rejected": -222.20841789245605,
      "loss": 0.6462948322296143,
      "mean_token_accuracy": 0.6470675617456436,
      "num_tokens": 146204.0,
      "rewards/accuracies": 1.0,
      "rewards/chosen": 0.08462028577923775,
      "rewards/margins": 0.09608707576990128,
      "rewards/rejected": -0.01146678946679458,
      "step": 20
    },
    {
      "entropy": 1.1567074730992317,
      "epoch": 0.8979591836734694,
      "grad_norm": 8.256149291992188,
      "learning_rate": 8.628481651367875e-08,
      "logits/chosen": -3.4606270557848653,
      "logits/rejected": -3.4953876666693575,
      "logps/chosen": -519.549430847168,
      "logps/rejected": -205.4200096130371,
      "loss": 0.6372801065444946,
      "mean_token_accuracy": 0.664854884147644,
      "num_tokens": 160923.0,
      "rewards/accuracies": 1.0,
      "rewards/chosen": 0.1075569186359644,
      "rewards/margins": 0.11518288031220436,
      "rewards/rejected": -0.007625961203302722,
      "step": 22
    },
    {
      "entropy": 1.1870871931314468,
      "epoch": 0.9795918367346939,
      "grad_norm": 8.576611518859863,
      "learning_rate": 3.968661679220467e-08,
      "logits/chosen": -3.3611046299895504,
      "logits/rejected": -3.455694337583401,
      "logps/chosen": -493.1125907897949,
      "logps/rejected": -233.9710464477539,
      "loss": 0.6452698707580566,
      "mean_token_accuracy": 0.6676916107535362,
      "num_tokens": 175975.0,
      "rewards/accuracies": 1.0,
      "rewards/chosen": 0.08874092157930136,
      "rewards/margins": 0.09834556560963392,
      "rewards/rejected": -0.00960464480886003,